-- phpMyAdmin SQL Dump
-- version 4.9.0.1
-- https://www.phpmyadmin.net/
--
-- Host: sql107.infinityfree.com
-- Generation Time: Feb 04, 2024 at 07:41 AM
-- Server version: 10.4.17-MariaDB
-- PHP Version: 7.2.22

SET SQL_MODE = "NO_AUTO_VALUE_ON_ZERO";
SET AUTOCOMMIT = 0;
START TRANSACTION;
SET time_zone = "+00:00";


/*!40101 SET @OLD_CHARACTER_SET_CLIENT=@@CHARACTER_SET_CLIENT */;
/*!40101 SET @OLD_CHARACTER_SET_RESULTS=@@CHARACTER_SET_RESULTS */;
/*!40101 SET @OLD_COLLATION_CONNECTION=@@COLLATION_CONNECTION */;
/*!40101 SET NAMES utf8mb4 */;

--
-- Database: `if0_35469177_flight_db`
--

-- --------------------------------------------------------

--
-- Table structure for table `admin`
--

CREATE TABLE `admin` (
  `admin_id` int(11) NOT NULL,
  `admin_name` varchar(50) NOT NULL,
  `admin_email` varchar(100) NOT NULL,
  `admin_password` varchar(100) NOT NULL,
  `created_at` datetime NOT NULL DEFAULT current_timestamp()
) ENGINE=InnoDB DEFAULT CHARSET=utf8mb4;

--
-- Dumping data for table `admin`
--

INSERT INTO `admin` (`admin_id`, `admin_name`, `admin_email`, `admin_password`, `created_at`) VALUES
(1, 'admin', 'admin@gmail.com', 'admin123', '2023-11-03 17:50:10');

-- --------------------------------------------------------

--
-- Table structure for table `airlines`
--

CREATE TABLE `airlines` (
  `airline_id` int(11) NOT NULL,
  `airline_name` varchar(50) NOT NULL,
  `airline_image` varchar(80) NOT NULL,
  `starting_price` int(11) NOT NULL,
  `airline_rating` float NOT NULL,
  `status` tinyint(4) NOT NULL DEFAULT 1 COMMENT '0=not_active,1=active',
  `created_at` datetime NOT NULL DEFAULT current_timestamp()
) ENGINE=InnoDB DEFAULT CHARSET=utf8mb4;

--
-- Dumping data for table `airlines`
--

INSERT INTO `airlines` (`airline_id`, `airline_name`, `airline_image`, `starting_price`, `airline_rating`, `status`, `created_at`) VALUES
(1, 'indigo', 'assets/images/airline-icon/indigo.png', 3500, 5, 1, '2023-11-04 01:01:08'),
(2, 'vistara', 'assets/images/airline-icon/vistara.png', 4500, 4.5, 1, '2023-11-04 01:01:44'),
(4, 'spicejet', 'assets/images/airline-icon/spicejet.png', 3400, 4.6, 1, '2023-11-04 01:04:02'),
(5, 'air india', 'assets/images/airline-icon/airindia.png', 4000, 4.8, 1, '2023-11-04 01:04:02'),
(7, 'flybig', 'assets/images/airline-icon/1701071649.png', 3000, 2, 0, '2023-11-27 02:54:10');

-- --------------------------------------------------------

--
-- Table structure for table `citys`
--

CREATE TABLE `citys` (
  `city_id` int(11) NOT NULL,
  `city_name` varchar(80) NOT NULL,
  `city_airport_name` varchar(100) NOT NULL,
  `city_image` varchar(60) NOT NULL,
  `created_at` datetime NOT NULL
) ENGINE=InnoDB DEFAULT CHARSET=utf8mb4;

--
-- Dumping data for table `citys`
--

INSERT INTO `citys` (`city_id`, `city_name`, `city_airport_name`, `city_image`, `created_at`) VALUES
(1, 'delhi', 'Indira Gandhi International Airport', '', '2023-11-07 09:10:51'),
(2, 'mumbai', 'Chhatrapati Shivaji Maharaj International Airport', '', '2023-11-07 09:10:51'),
(3, 'pune', 'Pune Airport', '', '2023-11-07 09:12:47'),
(4, 'goa', 'Dabolim Airport', '', '2023-11-07 09:12:47'),
(5, 'amritsar', 'Sri Guru Ram Dass Jee International Airport', '', '2023-11-07 09:14:53'),
(6, 'hyderabad', 'Rajiv Gandhi International Airport', '', '2023-11-07 09:14:53'),
(7, 'Shimla', 'Shimla Airport', '', '0000-00-00 00:00:00'),
(8, 'Jaipur', 'Jaipur International Airport', '', '0000-00-00 00:00:00'),
(9, 'Kolkata', 'Netaji Subhash Chandra Bose International Airport', '', '0000-00-00 00:00:00');

-- --------------------------------------------------------

--
-- Table structure for table `enquires`
--

CREATE TABLE `enquires` (
  `id` int(11) NOT NULL,
  `user_id` int(11) NOT NULL,
  `user_name` varchar(50) NOT NULL,
  `user_email` varchar(60) NOT NULL,
  `user_message` text NOT NULL,
  `status` int(11) NOT NULL DEFAULT 0 COMMENT '0=not resolve,1=resolve',
  `created_at` datetime NOT NULL DEFAULT current_timestamp()
) ENGINE=InnoDB DEFAULT CHARSET=utf8mb4;

--
-- Dumping data for table `enquires`
--

INSERT INTO `enquires` (`id`, `user_id`, `user_name`, `user_email`, `user_message`, `status`, `created_at`) VALUES
(1, 0, 'test', 'test@gmail.com', 'this is test message', 1, '2023-11-20 16:06:22'),
(2, 0, 'Evilhunt07', 'evilhunt07@gmail.com', 'this is a test message to check whether is it working.', 0, '2023-11-20 16:08:51'),
(3, 0, 'tony', 'tony@gmail.com', 'paise le ke bhagoge to nahi ', 1, '2023-11-20 19:24:13'),
(4, 0, 'aurther', 'aurthermorgan@gmail.com', 'are you going to include the online payment method in this website?', 0, '2023-11-21 11:09:50');

-- --------------------------------------------------------

--
-- Table structure for table `flights`
--

CREATE TABLE `flights` (
  `flight_id` int(11) NOT NULL,
  `airline_id` int(11) NOT NULL,
  `arrival_time` time NOT NULL,
  `departure_time` time NOT NULL,
  `duration` varchar(40) NOT NULL,
  `arrival_city` varchar(60) NOT NULL,
  `departure_city` varchar(60) NOT NULL,
  `economy_price` int(11) NOT NULL,
  `bussiness_price` int(11) NOT NULL,
  `flight_stop` varchar(40) NOT NULL,
  `flight_number` varchar(50) NOT NULL,
  `status` tinyint(4) NOT NULL DEFAULT 1 COMMENT '0=not_active,1=active',
  `created_at` timestamp NOT NULL DEFAULT current_timestamp()
) ENGINE=InnoDB DEFAULT CHARSET=utf8mb4;

--
-- Dumping data for table `flights`
--

INSERT INTO `flights` (`flight_id`, `airline_id`, `arrival_time`, `departure_time`, `duration`, `arrival_city`, `departure_city`, `economy_price`, `bussiness_price`, `flight_stop`, `flight_number`, `status`, `created_at`) VALUES
(1, 1, '07:00:00', '09:30:00', '2h30m', 'delhi', 'mumbai', 4560, 5640, 'non-stop', 'I9192', 1, '2023-11-15 10:10:41'),
(2, 1, '05:30:00', '08:05:00', '2h35m', 'mumbai', 'delhi', 4670, 5880, 'non-stop', 'I9572', 1, '2023-11-15 10:12:25'),
(3, 2, '11:45:00', '14:10:00', '2h25m', 'delhi', 'mumbai', 4670, 5540, 'non-stop', 'V2553', 1, '2023-11-15 10:14:07'),
(4, 2, '13:45:00', '16:15:00', '2h30m', 'mumbai', 'delhi', 4660, 5580, 'non-stop', 'V1457', 1, '2023-11-15 10:15:25'),
(5, 4, '07:00:00', '09:40:00', '2h40m', 'delhi', 'mumbai', 4670, 6270, 'non-stop', 'S2976', 1, '2023-11-15 20:06:57'),
(6, 4, '20:30:00', '23:00:00', '2h30m', 'mumbai', 'delhi', 4260, 5370, 'non-stop', 'S6985', 1, '2023-11-15 20:08:18'),
(7, 5, '10:30:00', '13:00:00', '2h30m', 'delhi', 'mumbai', 3989, 5540, 'non-stop', 'A3810', 1, '2023-11-15 20:09:32'),
(8, 5, '02:00:00', '04:25:00', '2h25m', 'mumbai', 'delhi', 3845, 5299, 'non-stop', 'A8148', 1, '2023-11-15 20:11:27'),
(9, 1, '15:00:00', '17:30:00', '2h30m', 'delhi', 'mumbai', 4960, 5780, 'non-stop', 'I7658', 1, '2023-11-18 18:45:35'),
(10, 1, '22:00:00', '00:10:00', '2h10m', 'delhi', 'pune', 4998, 5810, 'non-stop', 'I4427', 1, '2023-11-21 12:14:09'),
(14, 1, '17:00:00', '19:30:00', '2h30m', 'pune', 'delhi', 4800, 6000, 'non-stop', 'I9361', 1, '2023-12-09 07:52:08'),
(15, 2, '11:30:00', '14:00:00', '2h30min', 'pune', 'delhi', 4890, 6400, 'non-stop', 'V9572', 1, '2023-12-09 09:02:19'),
(16, 2, '12:25:00', '14:55:00', '2h30min', 'delhi', 'pune', 4890, 6400, 'non-stop', 'V4260', 1, '2023-12-09 09:07:18'),
(17, 4, '10:30:00', '13:00:00', '2h30min', 'pune', 'delhi', 4650, 6250, 'non-stop', 'S3745', 1, '2023-12-09 09:10:53'),
(18, 4, '13:30:00', '16:00:00', '2h30min', 'delhi', 'pune', 4650, 6250, 'non-stop', 'S4252', 1, '2023-12-09 09:13:36'),
(19, 5, '09:05:00', '11:35:00', '2h30m', 'pune', 'delhi', 4200, 6300, 'non-stop', 'A7761', 1, '2023-12-09 09:19:40'),
(21, 5, '11:40:00', '14:10:00', '2h30min', 'delhi', 'pune', 4250, 6250, 'non-stop', 'A6851', 1, '2023-12-09 09:27:14'),
(22, 1, '10:00:00', '11:05:00', '1h5m', 'pune', 'mumbai', 3085, 4350, 'non-stop', 'I1560', 1, '2023-12-09 16:16:12'),
(23, 1, '13:00:00', '14:05:00', '1h5m', 'mumbai', 'pune', 3085, 4350, 'non-stop', 'I5980', 1, '2023-12-09 16:17:29'),
(24, 2, '09:35:00', '10:40:00', '1h5m', 'pune', 'mumbai', 3085, 4350, 'non-stop', 'V4079', 1, '2023-12-09 16:27:10'),
(25, 2, '14:10:00', '15:15:00', '1h5m', 'mumbai', 'pune', 3085, 4300, 'non-stop', 'V1924', 1, '2023-12-09 16:28:24'),
(26, 4, '11:00:00', '12:05:00', '1h5m', 'pune', 'mumbai', 3085, 4350, 'non-stop', 'S5370', 1, '2023-12-09 16:41:19'),
(27, 4, '13:20:00', '14:25:00', '1h5m', 'mumbai', 'pune', 3085, 4350, 'non-stop', 'S9321', 1, '2023-12-09 17:20:13'),
(28, 5, '10:15:00', '11:20:00', '1h5m', 'pune', 'mumbai', 3340, 4600, 'non-stop', 'A1183', 1, '2023-12-09 17:22:45'),
(30, 5, '16:00:00', '17:05:00', '1h5m', 'mumbai', 'pune', 3800, 4600, 'non-stop', 'A2458', 1, '2023-12-09 17:35:20'),
(31, 1, '11:00:00', '13:35:00', '2h35m', 'goa', 'delhi', 6300, 8900, 'non-stop', 'I4561', 1, '2023-12-10 08:19:20'),
(32, 1, '14:35:00', '16:00:00', '2h35m', 'delhi', 'goa', 6400, 8800, 'non-stop', 'I9854', 1, '2023-12-10 08:22:53'),
(33, 2, '10:10:00', '12:55:00', '2h45m', 'delhi', 'goa', 6650, 8750, 'non-stop', 'V3604', 1, '2023-12-10 08:33:59'),
(34, 2, '16:05:00', '18:50:00', '2h45m', 'goa', 'delhi', 6600, 8890, 'non-stop', 'V2809', 1, '2023-12-10 08:39:38'),
(35, 4, '10:00:00', '12:30:00', '2h30m', 'delhi', 'goa', 6480, 7890, 'non-stop', 'S8932', 1, '2023-12-10 08:42:01'),
(36, 4, '14:00:00', '16:35:00', '2h35m', 'goa', 'delhi', 6650, 8890, 'non-stop', 'S1539', 1, '2023-12-10 08:46:29'),
(37, 5, '10:30:00', '12:55:00', '2h25m', 'delhi', 'goa', 6900, 9200, 'non-stop', 'A1433', 1, '2023-12-10 08:54:15'),
(38, 5, '13:00:00', '15:25:00', '2h25m', 'goa', 'delhi', 6900, 7890, 'non-stop', 'A7053', 1, '2023-12-10 08:55:29'),
(39, 1, '09:10:00', '10:20:00', '1h10m', 'delhi', 'amritsar', 3400, 4600, 'non-stop', 'I7444', 1, '2023-12-10 08:59:50'),
(40, 1, '13:00:00', '14:10:00', '1h10m', 'amritsar', 'delhi', 3600, 4350, 'non-stop', 'I8766', 1, '2023-12-10 09:02:16'),
(41, 2, '09:45:00', '11:00:00', '1h15m', 'delhi', 'amritsar', 3600, 5240, 'non-stop', 'V8160', 1, '2023-12-10 09:06:00'),
(42, 2, '14:00:00', '15:15:00', '1h15m', 'amritsar', 'delhi', 3875, 5340, 'non-stop', 'V2798', 1, '2023-12-10 09:06:58'),
(43, 4, '10:25:00', '11:50:00', '1h25m', 'delhi', 'amritsar', 4250, 6280, 'non-stop', 'S6239', 1, '2023-12-10 09:09:17'),
(44, 4, '18:40:00', '20:05:00', '1h25m', 'amritsar', 'delhi', 3690, 6480, 'non-stop', 'S4580', 1, '2023-12-10 09:12:11'),
(45, 5, '10:00:00', '11:20:00', '1h20m', 'delhi', 'amritsar', 4230, 6350, 'non-stop', 'A8243', 1, '2023-12-10 09:13:57'),
(46, 5, '15:20:00', '16:40:00', '1h20m', 'amritsar', 'delhi', 3690, 5360, 'non-stop', 'A4552', 1, '2023-12-10 09:18:07'),
(47, 1, '09:00:00', '11:10:00', '2h10m', 'mumbai', 'amritsar', 6200, 9850, 'non-stop', 'I3614', 1, '2023-12-10 09:24:11'),
(48, 1, '14:10:00', '16:20:00', '2h10m', 'amritsar', 'mumbai', 7800, 10800, 'non-stop', 'I9118', 1, '2023-12-10 09:26:05'),
(49, 2, '10:00:00', '12:30:00', '2h30m', 'mumbai', 'amritsar', 6900, 8890, 'non-stop', 'V1900', 1, '2023-12-10 09:32:28'),
(50, 2, '14:30:00', '17:00:00', '2h30m', 'amritsar', 'mumbai', 6850, 9750, 'non-stop', 'V8512', 1, '2023-12-10 09:34:24'),
(51, 4, '10:00:00', '12:10:00', '2h10m', 'mumbai', 'amritsar', 7580, 9870, 'non-stop', 'S3029', 1, '2023-12-10 09:38:18'),
(52, 4, '13:10:00', '15:20:00', '2h10m', 'amritsar', 'mumbai', 6980, 9780, 'non-stop', 'S7241', 1, '2023-12-10 09:39:21'),
(53, 5, '09:00:00', '11:00:00', '2h', 'mumbai', 'amritsar', 6700, 9300, 'non-stop', 'A3452', 1, '2023-12-10 09:41:34'),
(54, 5, '17:00:00', '19:00:00', '2h', 'amritsar', 'mumbai', 7230, 9450, 'non-stop', 'A7479', 1, '2023-12-10 09:42:55'),
(55, 1, '10:00:00', '12:20:00', '2h20m', 'pune', 'amritsar', 4575, 6540, 'non-stop', 'I6226', 1, '2023-12-11 03:42:52'),
(56, 1, '15:20:00', '17:40:00', '2h20m', 'amritsar', 'pune', 4780, 7250, 'non-stop', 'I1323', 1, '2023-12-11 03:47:49'),
(57, 2, '10:30:00', '13:00:00', '2h30m', 'amritsar', 'pune', 6650, 9750, 'non-stop', 'V6479', 1, '2023-12-11 03:52:57'),
(58, 2, '14:20:00', '16:50:00', '2h30m', 'pune', 'amritsar', 6790, 8760, 'non-stop', 'V8227', 1, '2023-12-11 03:54:55'),
(59, 4, '09:00:00', '11:15:00', '2h15m', 'pune', 'amritsar', 3540, 6850, 'non-stop', 'S1592', 1, '2023-12-11 03:56:19'),
(60, 4, '13:30:00', '15:30:00', '2h15m', 'amritsar', 'pune', 4560, 7280, 'non-stop', 'S4554', 1, '2023-12-11 03:58:21'),
(61, 5, '09:45:00', '12:00:00', '2h15m', 'pune', 'amritsar', 3800, 5790, 'non-stop', 'A3849', 1, '2023-12-11 04:03:32'),
(62, 5, '17:00:00', '19:15:00', '2h15m', 'amritsar', 'pune', 6870, 9650, 'non-stop', 'A8680', 1, '2023-12-11 04:07:20'),
(63, 1, '11:00:00', '13:10:00', '2h10m', 'delhi', 'hyderabad', 8950, 14580, 'non-stop', 'I1907', 1, '2023-12-11 06:51:47'),
(65, 1, '17:15:00', '19:25:00', '2h10m', 'hyderabad', 'delhi', 7890, 13560, 'non-stop', 'I9624', 1, '2023-12-11 06:53:43'),
(66, 2, '10:10:00', '12:20:00', '2h20m', 'delhi', 'hyderabad', 8790, 13680, 'non-stop', 'V1942', 1, '2023-12-11 06:55:00'),
(67, 2, '17:30:00', '19:50:00', '2h20m', 'hyderabad', 'delhi', 7580, 16520, 'non-stop', 'V6936', 1, '2023-12-11 06:55:58'),
(68, 4, '11:35:00', '14:20:00', '2h45m', 'delhi', 'hyderabad', 6850, 14850, 'non-stop', 'S8181', 1, '2023-12-11 06:59:19'),
(69, 4, '20:45:00', '23:30:00', '2h45m', 'hyderabad', 'delhi', 6580, 16350, 'non-stop', 'S1243', 1, '2023-12-11 07:04:07'),
(70, 5, '11:00:00', '13:10:00', '2h10m', 'delhi', 'hyderabad', 6540, 13540, 'non-stop', 'A1945', 1, '2023-12-11 07:05:44'),
(71, 5, '16:40:00', '18:50:00', '2h10m', 'hyderabad', 'delhi', 8570, 13890, 'non-stop', 'A7201', 1, '2023-12-11 07:07:23'),
(72, 1, '10:35:00', '12:00:00', '1h25m', 'mumbai', 'hyderabad', 6500, 16850, 'non-stop', 'I8180', 1, '2023-12-11 07:11:29'),
(73, 1, '14:00:00', '15:25:00', '1h25m', 'hyderabad', 'mumbai', 8540, 16875, 'non-stop', 'I7627', 1, '2023-12-11 07:12:04'),
(74, 2, '10:00:00', '11:35:00', '1h35m', 'mumbai', 'hyderabad', 7580, 16870, 'non-stop', 'V4379', 1, '2023-12-11 07:12:48'),
(75, 2, '16:25:00', '18:00:00', '1h35m', 'hyderabad', 'mumbai', 5870, 13580, 'non-stop', 'V8347', 1, '2023-12-11 07:13:59'),
(76, 4, '10:00:00', '11:05:00', '1h05m', 'mumbai', 'hyderabad', 8570, 13580, 'non-stop', 'S4169', 1, '2023-12-11 07:19:13'),
(78, 4, '14:05:00', '15:10:00', '1h5m', 'hyderabad', 'mumbai', 8740, 16870, 'non-stop', 'S2973', 1, '2023-12-11 07:21:24'),
(79, 5, '11:00:00', '12:40:00', '1h40m', 'mumbai', 'hyderabad', 9870, 18970, 'non-stop', 'A2548', 1, '2023-12-11 07:22:32');

-- --------------------------------------------------------

--
-- Table structure for table `flights_schedule`
--

CREATE TABLE `flights_schedule` (
  `schedule_id` int(11) NOT NULL,
  `flight_id` int(11) NOT NULL,
  `arrival_city` varchar(40) NOT NULL,
  `departure_city` varchar(40) NOT NULL,
  `economy_seat` int(11) NOT NULL,
  `bussiness_seat` int(11) NOT NULL,
  `status` tinyint(4) NOT NULL DEFAULT 1 COMMENT '0=cancel,1=running',
  `schedule_date` date NOT NULL
) ENGINE=InnoDB DEFAULT CHARSET=utf8mb4;

--
-- Dumping data for table `flights_schedule`
--

INSERT INTO `flights_schedule` (`schedule_id`, `flight_id`, `arrival_city`, `departure_city`, `economy_seat`, `bussiness_seat`, `status`, `schedule_date`) VALUES
(5, 5, 'delhi', 'mumbai', 50, 10, 1, '2023-11-16'),
(6, 7, 'delhi', 'mumbai', 90, 25, 1, '2023-11-16'),
(7, 1, 'delhi', 'mumbai', 5, 10, 1, '2023-11-16'),
(8, 3, 'delhi', 'mumbai', 8, 25, 1, '2023-11-16'),
(9, 3, 'delhi', 'mumbai', 8, 10, 1, '2023-11-17'),
(10, 1, 'delhi', 'mumbai', 5, 10, 1, '2023-11-18'),
(11, 1, 'delhi', 'mumbai', 5, 10, 1, '2023-11-19'),
(12, 9, 'delhi', 'mumbai', 13, 23, 1, '2023-11-18'),
(13, 9, 'delhi', 'mumbai', 13, 23, 1, '2023-11-19'),
(14, 3, 'delhi', 'mumbai', 8, 0, 1, '2023-11-20'),
(15, 1, 'delhi', 'mumbai', 5, 10, 1, '2023-11-20'),
(16, 1, 'delhi', 'mumbai', 5, 10, 1, '2023-11-15'),
(17, 3, 'delhi', 'mumbai', 8, 10, 1, '2023-11-15'),
(18, 5, 'delhi', 'mumbai', 90, 10, 1, '2023-11-15'),
(19, 7, 'delhi', 'mumbai', 90, 10, 1, '2023-11-15'),
(20, 1, 'delhi', 'mumbai', 5, 0, 1, '2023-11-21'),
(21, 10, 'delhi', 'pune', 49, 10, 1, '2023-11-21'),
(22, 1, 'delhi', 'mumbai', 50, 15, 1, '2023-11-22'),
(23, 3, 'delhi', 'mumbai', 8, 10, 1, '2023-11-22'),
(25, 5, 'delhi', 'mumbai', 90, 10, 1, '2023-11-22'),
(26, 1, 'delhi', 'mumbai', 10, 5, 1, '2023-11-26'),
(27, 3, 'delhi', 'mumbai', 8, 5, 1, '2023-11-26'),
(28, 5, 'delhi', 'mumbai', 10, 5, 1, '2023-11-26'),
(29, 7, 'delhi', 'mumbai', 10, 5, 1, '2023-11-26'),
(30, 9, 'delhi', 'mumbai', 10, 23, 1, '2023-11-26'),
(31, 1, 'delhi', 'mumbai', 10, 5, 1, '2023-11-27'),
(32, 3, 'delhi', 'mumbai', 8, 5, 1, '2023-11-27'),
(33, 5, 'delhi', 'mumbai', 20, 10, 1, '2023-11-27'),
(34, 1, 'delhi', 'mumbai', 100, 25, 1, '2023-11-30'),
(35, 2, 'mumbai', 'delhi', 100, 25, 1, '2023-11-30'),
(36, 3, 'delhi', 'mumbai', 100, 25, 1, '2023-11-30'),
(37, 4, 'mumbai', 'delhi', 100, 25, 1, '2023-11-30'),
(38, 5, 'delhi', 'mumbai', 100, 25, 1, '2023-11-30'),
(39, 6, 'mumbai', 'delhi', 100, 25, 1, '2023-11-30'),
(40, 7, 'delhi', 'mumbai', 100, 25, 1, '2023-11-30'),
(41, 8, 'mumbai', 'delhi', 100, 25, 1, '2023-11-30'),
(42, 9, 'delhi', 'mumbai', 100, 23, 1, '2023-11-30'),
(43, 10, 'delhi', 'pune', 100, 25, 1, '2023-11-30'),
(44, 1, 'delhi', 'mumbai', 100, 25, 1, '2023-12-02'),
(45, 2, 'mumbai', 'delhi', 100, 25, 1, '2023-12-02'),
(46, 3, 'delhi', 'mumbai', 100, 25, 1, '2023-12-02'),
(47, 4, 'mumbai', 'delhi', 100, 25, 1, '2023-12-02'),
(48, 5, 'delhi', 'mumbai', 100, 25, 1, '2023-12-02'),
(49, 6, 'mumbai', 'delhi', 100, 25, 1, '2023-12-02'),
(50, 7, 'delhi', 'mumbai', 100, 25, 1, '2023-12-02'),
(51, 8, 'mumbai', 'delhi', 100, 25, 1, '2023-12-02'),
(52, 9, 'delhi', 'mumbai', 100, 23, 1, '2023-12-02'),
(53, 10, 'delhi', 'pune', 100, 25, 1, '2023-12-02'),
(54, 1, 'delhi', 'mumbai', 100, 25, 1, '2023-12-03'),
(55, 2, 'mumbai', 'delhi', 100, 25, 1, '2023-12-03'),
(56, 3, 'delhi', 'mumbai', 100, 25, 1, '2023-12-03'),
(57, 4, 'mumbai', 'delhi', 100, 25, 1, '2023-12-03'),
(58, 5, 'delhi', 'mumbai', 100, 25, 1, '2023-12-03'),
(59, 6, 'mumbai', 'delhi', 100, 25, 1, '2023-12-03'),
(60, 7, 'delhi', 'mumbai', 100, 25, 1, '2023-12-03'),
(61, 8, 'mumbai', 'delhi', 100, 25, 1, '2023-12-03'),
(62, 9, 'delhi', 'mumbai', 100, 23, 1, '2023-12-03'),
(63, 10, 'delhi', 'pune', 100, 25, 1, '2023-12-03'),
(64, 1, 'delhi', 'mumbai', 100, 25, 1, '2023-12-04'),
(65, 2, 'mumbai', 'delhi', 100, 25, 1, '2023-12-04'),
(66, 3, 'delhi', 'mumbai', 100, 25, 1, '2023-12-04'),
(67, 4, 'mumbai', 'delhi', 100, 25, 1, '2023-12-04'),
(68, 5, 'delhi', 'mumbai', 100, 25, 1, '2023-12-04'),
(69, 6, 'mumbai', 'delhi', 100, 25, 1, '2023-12-04'),
(70, 7, 'delhi', 'mumbai', 100, 25, 1, '2023-12-04'),
(71, 8, 'mumbai', 'delhi', 100, 25, 1, '2023-12-04'),
(72, 9, 'delhi', 'mumbai', 100, 23, 1, '2023-12-04'),
(73, 10, 'delhi', 'pune', 100, 25, 1, '2023-12-04'),
(74, 1, 'delhi', 'mumbai', 100, 25, 1, '2023-12-06'),
(75, 2, 'mumbai', 'delhi', 100, 25, 1, '2023-12-06'),
(76, 3, 'delhi', 'mumbai', 100, 25, 1, '2023-12-06'),
(77, 4, 'mumbai', 'delhi', 100, 25, 1, '2023-12-06'),
(78, 5, 'delhi', 'mumbai', 100, 25, 1, '2023-12-06'),
(79, 6, 'mumbai', 'delhi', 100, 25, 1, '2023-12-06'),
(80, 7, 'delhi', 'mumbai', 100, 25, 1, '2023-12-06'),
(81, 8, 'mumbai', 'delhi', 100, 25, 1, '2023-12-06'),
(82, 9, 'delhi', 'mumbai', 100, 23, 1, '2023-12-06'),
(83, 10, 'delhi', 'pune', 100, 25, 1, '2023-12-06'),
(84, 1, 'delhi', 'mumbai', 100, 25, 1, '2023-12-09'),
(85, 2, 'mumbai', 'delhi', 100, 25, 1, '2023-12-09'),
(86, 3, 'delhi', 'mumbai', 100, 25, 1, '2023-12-09'),
(87, 4, 'mumbai', 'delhi', 100, 25, 1, '2023-12-09'),
(88, 5, 'delhi', 'mumbai', 100, 25, 1, '2023-12-09'),
(89, 6, 'mumbai', 'delhi', 100, 25, 1, '2023-12-09'),
(90, 7, 'delhi', 'mumbai', 100, 25, 1, '2023-12-09'),
(91, 8, 'mumbai', 'delhi', 100, 25, 1, '2023-12-09'),
(92, 9, 'delhi', 'mumbai', 100, 23, 1, '2023-12-09'),
(93, 10, 'delhi', 'pune', 100, 25, 1, '2023-12-09'),
(94, 14, 'pune', 'delhi', 100, 25, 1, '2023-12-09'),
(95, 1, 'delhi', 'mumbai', 100, 20, 1, '2023-12-10'),
(96, 2, 'mumbai', 'delhi', 100, 20, 1, '2023-12-10'),
(97, 3, 'delhi', 'mumbai', 100, 20, 1, '2023-12-10'),
(98, 4, 'mumbai', 'delhi', 100, 20, 1, '2023-12-10'),
(99, 5, 'delhi', 'mumbai', 100, 20, 1, '2023-12-10'),
(100, 6, 'mumbai', 'delhi', 100, 20, 1, '2023-12-10'),
(101, 7, 'delhi', 'mumbai', 100, 20, 1, '2023-12-10'),
(102, 8, 'mumbai', 'delhi', 100, 20, 1, '2023-12-10'),
(103, 9, 'delhi', 'mumbai', 100, 20, 1, '2023-12-10'),
(104, 10, 'delhi', 'pune', 100, 20, 1, '2023-12-10'),
(105, 14, 'pune', 'delhi', 100, 20, 1, '2023-12-10'),
(106, 15, 'pune', 'delhi', 100, 20, 1, '2023-12-10'),
(107, 16, 'delhi', 'pune', 100, 20, 1, '2023-12-10'),
(108, 17, 'pune', 'delhi', 100, 20, 1, '2023-12-10'),
(109, 18, 'delhi', 'pune', 100, 20, 1, '2023-12-10'),
(110, 19, 'pune', 'delhi', 100, 20, 1, '2023-12-10'),
(111, 21, 'delhi', 'pune', 100, 20, 1, '2023-12-10'),
(112, 22, 'pune', 'mumbai', 100, 20, 1, '2023-12-10'),
(113, 23, 'mumbai', 'pune', 100, 20, 1, '2023-12-10'),
(114, 24, 'pune', 'mumbai', 100, 20, 1, '2023-12-10'),
(115, 25, 'mumbai', 'pune', 100, 20, 1, '2023-12-10'),
(116, 26, 'pune', 'mumbai', 100, 20, 1, '2023-12-10'),
(117, 27, 'mumbai', 'pune', 100, 20, 1, '2023-12-10'),
(118, 28, 'pune', 'mumbai', 100, 20, 1, '2023-12-10'),
(119, 30, 'mumbai', 'pune', 100, 20, 1, '2023-12-10'),
(120, 1, 'delhi', 'mumbai', 100, 25, 1, '2023-12-11'),
(121, 2, 'mumbai', 'delhi', 100, 25, 1, '2023-12-11'),
(122, 3, 'delhi', 'mumbai', 100, 25, 1, '2023-12-11'),
(123, 4, 'mumbai', 'delhi', 100, 25, 1, '2023-12-11'),
(124, 5, 'delhi', 'mumbai', 100, 25, 1, '2023-12-11'),
(125, 6, 'mumbai', 'delhi', 100, 25, 1, '2023-12-11'),
(126, 7, 'delhi', 'mumbai', 100, 25, 1, '2023-12-11'),
(127, 8, 'mumbai', 'delhi', 100, 25, 1, '2023-12-11'),
(128, 9, 'delhi', 'mumbai', 100, 25, 1, '2023-12-11'),
(129, 10, 'delhi', 'pune', 100, 25, 1, '2023-12-11'),
(130, 14, 'pune', 'delhi', 100, 25, 1, '2023-12-11'),
(131, 15, 'pune', 'delhi', 100, 25, 1, '2023-12-11'),
(132, 16, 'delhi', 'pune', 100, 25, 1, '2023-12-11'),
(133, 17, 'pune', 'delhi', 100, 25, 1, '2023-12-11'),
(134, 18, 'delhi', 'pune', 100, 25, 1, '2023-12-11'),
(135, 19, 'pune', 'delhi', 100, 25, 1, '2023-12-11'),
(136, 21, 'delhi', 'pune', 100, 25, 1, '2023-12-11'),
(137, 22, 'pune', 'mumbai', 100, 25, 1, '2023-12-11'),
(138, 23, 'mumbai', 'pune', 100, 25, 1, '2023-12-11'),
(139, 24, 'pune', 'mumbai', 100, 25, 1, '2023-12-11'),
(140, 25, 'mumbai', 'pune', 100, 25, 1, '2023-12-11'),
(141, 26, 'pune', 'mumbai', 100, 25, 1, '2023-12-11'),
(142, 27, 'mumbai', 'pune', 100, 25, 1, '2023-12-11'),
(143, 28, 'pune', 'mumbai', 100, 25, 1, '2023-12-11'),
(144, 30, 'mumbai', 'pune', 100, 25, 1, '2023-12-11'),
(145, 31, 'goa', 'delhi', 100, 25, 1, '2023-12-11'),
(146, 32, 'delhi', 'goa', 100, 25, 1, '2023-12-11'),
(147, 33, 'delhi', 'goa', 100, 25, 1, '2023-12-11'),
(148, 34, 'goa', 'delhi', 100, 25, 1, '2023-12-11'),
(149, 35, 'delhi', 'goa', 100, 25, 1, '2023-12-11'),
(150, 36, 'goa', 'delhi', 100, 25, 1, '2023-12-11'),
(151, 37, 'delhi', 'goa', 100, 25, 1, '2023-12-11'),
(152, 38, 'goa', 'delhi', 100, 25, 1, '2023-12-11'),
(153, 39, 'delhi', 'amritsar', 100, 25, 1, '2023-12-11'),
(154, 40, 'amritsar', 'delhi', 100, 25, 1, '2023-12-11'),
(155, 41, 'delhi', 'amritsar', 100, 25, 1, '2023-12-11'),
(156, 42, 'amritsar', 'delhi', 100, 25, 1, '2023-12-11'),
(157, 43, 'delhi', 'amritsar', 100, 25, 1, '2023-12-11'),
(158, 44, 'amritsar', 'delhi', 100, 25, 1, '2023-12-11'),
(159, 45, 'delhi', 'amritsar', 100, 25, 1, '2023-12-11'),
(160, 46, 'amritsar', 'delhi', 100, 25, 1, '2023-12-11'),
(161, 47, 'mumbai', 'amritsar', 100, 25, 1, '2023-12-11'),
(162, 48, 'amritsar', 'mumbai', 100, 25, 1, '2023-12-11'),
(163, 49, 'mumbai', 'amritsar', 100, 25, 1, '2023-12-11'),
(164, 50, 'amritsar', 'mumbai', 100, 25, 1, '2023-12-11'),
(165, 51, 'mumbai', 'amritsar', 100, 25, 1, '2023-12-11'),
(166, 52, 'amritsar', 'mumbai', 100, 25, 1, '2023-12-11'),
(167, 53, 'mumbai', 'amritsar', 100, 25, 1, '2023-12-11'),
(168, 54, 'amritsar', 'mumbai', 100, 25, 1, '2023-12-11'),
(169, 55, 'pune', 'amritsar', 100, 25, 1, '2023-12-11'),
(170, 56, 'amritsar', 'pune', 100, 25, 1, '2023-12-11'),
(171, 57, 'amritsar', 'pune', 100, 25, 1, '2023-12-11'),
(172, 58, 'pune', 'amritsar', 100, 25, 1, '2023-12-11'),
(173, 59, 'pune', 'amritsar', 100, 25, 1, '2023-12-11'),
(174, 60, 'amritsar', 'pune', 100, 25, 1, '2023-12-11'),
(175, 61, 'pune', 'amritsar', 100, 25, 1, '2023-12-11'),
(176, 62, 'amritsar', 'pune', 100, 25, 1, '2023-12-11'),
(177, 1, 'delhi', 'mumbai', 100, 25, 1, '2023-12-12'),
(178, 2, 'mumbai', 'delhi', 100, 25, 1, '2023-12-12'),
(179, 3, 'delhi', 'mumbai', 100, 25, 1, '2023-12-12'),
(180, 4, 'mumbai', 'delhi', 100, 25, 1, '2023-12-12'),
(181, 5, 'delhi', 'mumbai', 100, 25, 1, '2023-12-12'),
(182, 6, 'mumbai', 'delhi', 100, 25, 1, '2023-12-12'),
(183, 7, 'delhi', 'mumbai', 100, 25, 1, '2023-12-12'),
(184, 8, 'mumbai', 'delhi', 100, 25, 1, '2023-12-12'),
(185, 9, 'delhi', 'mumbai', 100, 25, 1, '2023-12-12'),
(186, 10, 'delhi', 'pune', 100, 25, 1, '2023-12-12'),
(187, 14, 'pune', 'delhi', 100, 25, 1, '2023-12-12'),
(188, 15, 'pune', 'delhi', 100, 25, 1, '2023-12-12'),
(189, 16, 'delhi', 'pune', 100, 25, 1, '2023-12-12'),
(190, 17, 'pune', 'delhi', 100, 25, 1, '2023-12-12'),
(191, 18, 'delhi', 'pune', 100, 25, 1, '2023-12-12'),
(192, 19, 'pune', 'delhi', 100, 25, 1, '2023-12-12'),
(193, 21, 'delhi', 'pune', 100, 25, 1, '2023-12-12'),
(194, 22, 'pune', 'mumbai', 100, 25, 1, '2023-12-12'),
(195, 23, 'mumbai', 'pune', 100, 25, 1, '2023-12-12'),
(196, 24, 'pune', 'mumbai', 100, 25, 1, '2023-12-12'),
(197, 25, 'mumbai', 'pune', 100, 25, 1, '2023-12-12'),
(198, 26, 'pune', 'mumbai', 100, 25, 1, '2023-12-12'),
(199, 27, 'mumbai', 'pune', 100, 25, 1, '2023-12-12'),
(200, 28, 'pune', 'mumbai', 100, 25, 1, '2023-12-12'),
(201, 30, 'mumbai', 'pune', 100, 25, 1, '2023-12-12'),
(202, 31, 'goa', 'delhi', 100, 25, 1, '2023-12-12'),
(203, 32, 'delhi', 'goa', 100, 25, 1, '2023-12-12'),
(204, 33, 'delhi', 'goa', 100, 25, 1, '2023-12-12'),
(205, 34, 'goa', 'delhi', 100, 25, 1, '2023-12-12'),
(206, 35, 'delhi', 'goa', 100, 25, 1, '2023-12-12'),
(207, 36, 'goa', 'delhi', 100, 25, 1, '2023-12-12'),
(208, 37, 'delhi', 'goa', 100, 25, 1, '2023-12-12'),
(209, 38, 'goa', 'delhi', 100, 25, 1, '2023-12-12'),
(210, 39, 'delhi', 'amritsar', 100, 25, 1, '2023-12-12'),
(211, 40, 'amritsar', 'delhi', 100, 25, 1, '2023-12-12'),
(212, 41, 'delhi', 'amritsar', 100, 25, 1, '2023-12-12'),
(213, 42, 'amritsar', 'delhi', 100, 25, 1, '2023-12-12'),
(214, 43, 'delhi', 'amritsar', 100, 25, 1, '2023-12-12'),
(215, 44, 'amritsar', 'delhi', 100, 25, 1, '2023-12-12'),
(216, 45, 'delhi', 'amritsar', 100, 25, 1, '2023-12-12'),
(217, 46, 'amritsar', 'delhi', 100, 25, 1, '2023-12-12'),
(218, 47, 'mumbai', 'amritsar', 100, 25, 1, '2023-12-12'),
(219, 48, 'amritsar', 'mumbai', 100, 25, 1, '2023-12-12'),
(220, 49, 'mumbai', 'amritsar', 100, 25, 1, '2023-12-12'),
(221, 50, 'amritsar', 'mumbai', 100, 25, 1, '2023-12-12'),
(222, 51, 'mumbai', 'amritsar', 100, 25, 1, '2023-12-12'),
(223, 52, 'amritsar', 'mumbai', 100, 25, 1, '2023-12-12'),
(224, 53, 'mumbai', 'amritsar', 100, 25, 1, '2023-12-12'),
(225, 54, 'amritsar', 'mumbai', 100, 25, 1, '2023-12-12'),
(226, 55, 'pune', 'amritsar', 100, 25, 1, '2023-12-12'),
(227, 56, 'amritsar', 'pune', 100, 25, 1, '2023-12-12'),
(228, 57, 'amritsar', 'pune', 100, 25, 1, '2023-12-12'),
(229, 58, 'pune', 'amritsar', 100, 25, 1, '2023-12-12'),
(230, 59, 'pune', 'amritsar', 100, 25, 1, '2023-12-12'),
(231, 60, 'amritsar', 'pune', 100, 25, 1, '2023-12-12'),
(232, 61, 'pune', 'amritsar', 100, 25, 1, '2023-12-12'),
(233, 62, 'amritsar', 'pune', 100, 25, 1, '2023-12-12'),
(234, 63, 'delhi', 'hyderabad', 100, 25, 1, '2023-12-12'),
(235, 65, 'hyderabad', 'delhi', 100, 25, 1, '2023-12-12'),
(236, 66, 'delhi', 'hyderabad', 100, 25, 1, '2023-12-12'),
(237, 67, 'hyderabad', 'delhi', 100, 25, 1, '2023-12-12'),
(238, 68, 'delhi', 'hyderabad', 100, 25, 1, '2023-12-12'),
(239, 69, 'hyderabad', 'delhi', 100, 25, 1, '2023-12-12'),
(240, 70, 'delhi', 'hyderabad', 100, 25, 1, '2023-12-12'),
(241, 71, 'hyderabad', 'delhi', 100, 25, 1, '2023-12-12'),
(242, 72, 'mumbai', 'hyderabad', 100, 25, 1, '2023-12-12'),
(243, 73, 'hyderabad', 'mumbai', 100, 25, 1, '2023-12-12'),
(244, 74, 'mumbai', 'hyderabad', 100, 25, 1, '2023-12-12'),
(245, 75, 'hyderabad', 'mumbai', 100, 25, 1, '2023-12-12'),
(246, 76, 'mumbai', 'hyderabad', 100, 25, 1, '2023-12-12'),
(247, 78, 'hyderabad', 'mumbai', 100, 25, 1, '2023-12-12'),
(248, 79, 'mumbai', 'hyderabad', 100, 25, 1, '2023-12-12'),
(249, 80, 'hyderabad', 'mumbai', 100, 25, 1, '2023-12-12'),
(250, 1, 'delhi', 'mumbai', 100, 25, 1, '2023-12-13'),
(251, 2, 'mumbai', 'delhi', 100, 25, 1, '2023-12-13'),
(252, 3, 'delhi', 'mumbai', 100, 25, 1, '2023-12-13'),
(253, 4, 'mumbai', 'delhi', 100, 25, 1, '2023-12-13'),
(254, 5, 'delhi', 'mumbai', 100, 25, 1, '2023-12-13'),
(255, 6, 'mumbai', 'delhi', 100, 25, 1, '2023-12-13'),
(256, 7, 'delhi', 'mumbai', 100, 25, 1, '2023-12-13'),
(257, 8, 'mumbai', 'delhi', 100, 25, 1, '2023-12-13'),
(258, 9, 'delhi', 'mumbai', 100, 25, 1, '2023-12-13'),
(259, 10, 'delhi', 'pune', 100, 25, 1, '2023-12-13'),
(260, 14, 'pune', 'delhi', 100, 25, 1, '2023-12-13'),
(261, 15, 'pune', 'delhi', 100, 25, 1, '2023-12-13'),
(262, 16, 'delhi', 'pune', 100, 25, 1, '2023-12-13'),
(263, 17, 'pune', 'delhi', 100, 25, 1, '2023-12-13'),
(264, 18, 'delhi', 'pune', 100, 25, 1, '2023-12-13'),
(265, 19, 'pune', 'delhi', 100, 25, 1, '2023-12-13'),
(266, 21, 'delhi', 'pune', 100, 25, 1, '2023-12-13'),
(267, 22, 'pune', 'mumbai', 100, 25, 1, '2023-12-13'),
(268, 23, 'mumbai', 'pune', 100, 25, 1, '2023-12-13'),
(269, 24, 'pune', 'mumbai', 100, 25, 1, '2023-12-13'),
(270, 25, 'mumbai', 'pune', 100, 25, 1, '2023-12-13'),
(271, 26, 'pune', 'mumbai', 100, 25, 1, '2023-12-13'),
(272, 27, 'mumbai', 'pune', 100, 25, 1, '2023-12-13'),
(273, 28, 'pune', 'mumbai', 100, 25, 1, '2023-12-13'),
(274, 30, 'mumbai', 'pune', 100, 25, 1, '2023-12-13'),
(275, 31, 'goa', 'delhi', 100, 25, 1, '2023-12-13'),
(276, 32, 'delhi', 'goa', 100, 25, 1, '2023-12-13'),
(277, 33, 'delhi', 'goa', 100, 25, 1, '2023-12-13'),
(278, 34, 'goa', 'delhi', 100, 25, 1, '2023-12-13'),
(279, 35, 'delhi', 'goa', 100, 25, 1, '2023-12-13'),
(280, 36, 'goa', 'delhi', 100, 25, 1, '2023-12-13'),
(281, 37, 'delhi', 'goa', 100, 25, 1, '2023-12-13'),
(282, 38, 'goa', 'delhi', 100, 25, 1, '2023-12-13'),
(283, 39, 'delhi', 'amritsar', 100, 25, 1, '2023-12-13'),
(284, 40, 'amritsar', 'delhi', 100, 25, 1, '2023-12-13'),
(285, 41, 'delhi', 'amritsar', 100, 25, 1, '2023-12-13'),
(286, 42, 'amritsar', 'delhi', 100, 25, 1, '2023-12-13'),
(287, 43, 'delhi', 'amritsar', 100, 25, 1, '2023-12-13'),
(288, 44, 'amritsar', 'delhi', 100, 25, 1, '2023-12-13'),
(289, 45, 'delhi', 'amritsar', 100, 25, 1, '2023-12-13'),
(290, 46, 'amritsar', 'delhi', 100, 25, 1, '2023-12-13'),
(291, 47, 'mumbai', 'amritsar', 100, 25, 1, '2023-12-13'),
(292, 48, 'amritsar', 'mumbai', 100, 25, 1, '2023-12-13'),
(293, 49, 'mumbai', 'amritsar', 100, 25, 1, '2023-12-13'),
(294, 50, 'amritsar', 'mumbai', 100, 25, 1, '2023-12-13'),
(295, 51, 'mumbai', 'amritsar', 100, 25, 1, '2023-12-13'),
(296, 52, 'amritsar', 'mumbai', 100, 25, 1, '2023-12-13'),
(297, 53, 'mumbai', 'amritsar', 100, 25, 1, '2023-12-13'),
(298, 54, 'amritsar', 'mumbai', 100, 25, 1, '2023-12-13'),
(299, 55, 'pune', 'amritsar', 100, 25, 1, '2023-12-13'),
(300, 56, 'amritsar', 'pune', 100, 25, 1, '2023-12-13'),
(301, 57, 'amritsar', 'pune', 100, 25, 1, '2023-12-13'),
(302, 58, 'pune', 'amritsar', 100, 25, 1, '2023-12-13'),
(303, 59, 'pune', 'amritsar', 100, 25, 1, '2023-12-13'),
(304, 60, 'amritsar', 'pune', 100, 25, 1, '2023-12-13'),
(305, 61, 'pune', 'amritsar', 100, 25, 1, '2023-12-13'),
(306, 62, 'amritsar', 'pune', 100, 25, 1, '2023-12-13'),
(307, 63, 'delhi', 'hyderabad', 100, 25, 1, '2023-12-13'),
(308, 65, 'hyderabad', 'delhi', 100, 25, 1, '2023-12-13'),
(309, 66, 'delhi', 'hyderabad', 100, 25, 1, '2023-12-13'),
(310, 67, 'hyderabad', 'delhi', 100, 25, 1, '2023-12-13'),
(311, 68, 'delhi', 'hyderabad', 100, 25, 1, '2023-12-13'),
(312, 69, 'hyderabad', 'delhi', 100, 25, 1, '2023-12-13'),
(313, 70, 'delhi', 'hyderabad', 100, 25, 1, '2023-12-13'),
(314, 71, 'hyderabad', 'delhi', 100, 25, 1, '2023-12-13'),
(315, 72, 'mumbai', 'hyderabad', 100, 25, 1, '2023-12-13'),
(316, 73, 'hyderabad', 'mumbai', 100, 25, 1, '2023-12-13'),
(317, 74, 'mumbai', 'hyderabad', 100, 25, 1, '2023-12-13'),
(318, 75, 'hyderabad', 'mumbai', 100, 25, 1, '2023-12-13'),
(319, 76, 'mumbai', 'hyderabad', 100, 25, 1, '2023-12-13'),
(320, 78, 'hyderabad', 'mumbai', 100, 25, 1, '2023-12-13'),
(321, 79, 'mumbai', 'hyderabad', 100, 25, 1, '2023-12-13'),
(322, 80, 'hyderabad', 'mumbai', 100, 25, 1, '2023-12-13'),
(323, 1, 'delhi', 'mumbai', 100, 25, 1, '2023-12-18'),
(324, 2, 'mumbai', 'delhi', 100, 25, 1, '2023-12-18'),
(325, 3, 'delhi', 'mumbai', 100, 25, 1, '2023-12-18'),
(326, 4, 'mumbai', 'delhi', 100, 25, 1, '2023-12-18'),
(327, 5, 'delhi', 'mumbai', 100, 25, 1, '2023-12-18'),
(328, 6, 'mumbai', 'delhi', 100, 25, 1, '2023-12-18'),
(329, 7, 'delhi', 'mumbai', 100, 25, 1, '2023-12-18'),
(330, 8, 'mumbai', 'delhi', 100, 25, 1, '2023-12-18'),
(331, 9, 'delhi', 'mumbai', 100, 25, 1, '2023-12-18'),
(332, 10, 'delhi', 'pune', 100, 25, 1, '2023-12-18'),
(333, 14, 'pune', 'delhi', 100, 25, 1, '2023-12-18'),
(334, 15, 'pune', 'delhi', 100, 25, 1, '2023-12-18'),
(335, 16, 'delhi', 'pune', 100, 25, 1, '2023-12-18'),
(336, 17, 'pune', 'delhi', 100, 25, 1, '2023-12-18'),
(337, 18, 'delhi', 'pune', 100, 25, 1, '2023-12-18'),
(338, 19, 'pune', 'delhi', 100, 25, 1, '2023-12-18'),
(339, 21, 'delhi', 'pune', 100, 25, 1, '2023-12-18'),
(340, 22, 'pune', 'mumbai', 100, 25, 1, '2023-12-18'),
(341, 23, 'mumbai', 'pune', 100, 25, 1, '2023-12-18'),
(342, 24, 'pune', 'mumbai', 100, 25, 1, '2023-12-18'),
(343, 25, 'mumbai', 'pune', 100, 25, 1, '2023-12-18'),
(344, 26, 'pune', 'mumbai', 100, 25, 1, '2023-12-18'),
(345, 27, 'mumbai', 'pune', 100, 25, 1, '2023-12-18'),
(346, 28, 'pune', 'mumbai', 100, 25, 1, '2023-12-18'),
(347, 30, 'mumbai', 'pune', 100, 25, 1, '2023-12-18'),
(348, 31, 'goa', 'delhi', 100, 25, 1, '2023-12-18'),
(349, 32, 'delhi', 'goa', 100, 25, 1, '2023-12-18'),
(350, 33, 'delhi', 'goa', 100, 25, 1, '2023-12-18'),
(351, 34, 'goa', 'delhi', 100, 25, 1, '2023-12-18'),
(352, 35, 'delhi', 'goa', 100, 25, 1, '2023-12-18'),
(353, 36, 'goa', 'delhi', 100, 25, 1, '2023-12-18'),
(354, 37, 'delhi', 'goa', 100, 25, 1, '2023-12-18'),
(355, 38, 'goa', 'delhi', 100, 25, 1, '2023-12-18'),
(356, 39, 'delhi', 'amritsar', 100, 25, 1, '2023-12-18'),
(357, 40, 'amritsar', 'delhi', 100, 25, 1, '2023-12-18'),
(358, 41, 'delhi', 'amritsar', 100, 25, 1, '2023-12-18'),
(359, 42, 'amritsar', 'delhi', 100, 25, 1, '2023-12-18'),
(360, 43, 'delhi', 'amritsar', 100, 25, 1, '2023-12-18'),
(361, 44, 'amritsar', 'delhi', 100, 25, 1, '2023-12-18'),
(362, 45, 'delhi', 'amritsar', 100, 25, 1, '2023-12-18'),
(363, 46, 'amritsar', 'delhi', 100, 25, 1, '2023-12-18'),
(364, 47, 'mumbai', 'amritsar', 100, 25, 1, '2023-12-18'),
(365, 48, 'amritsar', 'mumbai', 100, 25, 1, '2023-12-18'),
(366, 49, 'mumbai', 'amritsar', 100, 25, 1, '2023-12-18'),
(367, 50, 'amritsar', 'mumbai', 100, 25, 1, '2023-12-18'),
(368, 51, 'mumbai', 'amritsar', 100, 25, 1, '2023-12-18'),
(369, 52, 'amritsar', 'mumbai', 100, 25, 1, '2023-12-18'),
(370, 53, 'mumbai', 'amritsar', 100, 25, 1, '2023-12-18'),
(371, 54, 'amritsar', 'mumbai', 100, 25, 1, '2023-12-18'),
(372, 55, 'pune', 'amritsar', 100, 25, 1, '2023-12-18'),
(373, 56, 'amritsar', 'pune', 100, 25, 1, '2023-12-18'),
(374, 57, 'amritsar', 'pune', 100, 25, 1, '2023-12-18'),
(375, 58, 'pune', 'amritsar', 100, 25, 1, '2023-12-18'),
(376, 59, 'pune', 'amritsar', 100, 25, 1, '2023-12-18'),
(377, 60, 'amritsar', 'pune', 100, 25, 1, '2023-12-18'),
(378, 61, 'pune', 'amritsar', 100, 25, 1, '2023-12-18'),
(379, 62, 'amritsar', 'pune', 100, 25, 1, '2023-12-18'),
(380, 63, 'delhi', 'hyderabad', 100, 25, 1, '2023-12-18'),
(381, 65, 'hyderabad', 'delhi', 100, 25, 1, '2023-12-18'),
(382, 66, 'delhi', 'hyderabad', 100, 25, 1, '2023-12-18'),
(383, 67, 'hyderabad', 'delhi', 100, 25, 1, '2023-12-18'),
(384, 68, 'delhi', 'hyderabad', 100, 25, 1, '2023-12-18'),
(385, 69, 'hyderabad', 'delhi', 100, 25, 1, '2023-12-18'),
(386, 70, 'delhi', 'hyderabad', 100, 25, 1, '2023-12-18'),
(387, 71, 'hyderabad', 'delhi', 100, 25, 1, '2023-12-18'),
(388, 72, 'mumbai', 'hyderabad', 100, 25, 1, '2023-12-18'),
(389, 73, 'hyderabad', 'mumbai', 100, 25, 1, '2023-12-18'),
(390, 74, 'mumbai', 'hyderabad', 100, 25, 1, '2023-12-18'),
(391, 75, 'hyderabad', 'mumbai', 100, 25, 1, '2023-12-18'),
(392, 76, 'mumbai', 'hyderabad', 100, 25, 1, '2023-12-18'),
(393, 78, 'hyderabad', 'mumbai', 100, 25, 1, '2023-12-18'),
(394, 79, 'mumbai', 'hyderabad', 100, 25, 1, '2023-12-18'),
(395, 80, 'hyderabad', 'mumbai', 100, 25, 1, '2023-12-18'),
(396, 1, 'delhi', 'mumbai', 100, 25, 1, '2023-12-25'),
(397, 2, 'mumbai', 'delhi', 100, 25, 1, '2023-12-25'),
(398, 3, 'delhi', 'mumbai', 100, 25, 1, '2023-12-25'),
(399, 4, 'mumbai', 'delhi', 100, 25, 1, '2023-12-25'),
(400, 5, 'delhi', 'mumbai', 100, 25, 1, '2023-12-25'),
(401, 6, 'mumbai', 'delhi', 100, 25, 1, '2023-12-25'),
(402, 7, 'delhi', 'mumbai', 100, 25, 1, '2023-12-25'),
(403, 8, 'mumbai', 'delhi', 100, 25, 1, '2023-12-25'),
(404, 9, 'delhi', 'mumbai', 100, 25, 1, '2023-12-25'),
(405, 10, 'delhi', 'pune', 100, 25, 1, '2023-12-25'),
(406, 14, 'pune', 'delhi', 100, 25, 1, '2023-12-25'),
(407, 15, 'pune', 'delhi', 100, 25, 1, '2023-12-25'),
(408, 16, 'delhi', 'pune', 100, 25, 1, '2023-12-25'),
(409, 17, 'pune', 'delhi', 100, 25, 1, '2023-12-25'),
(410, 18, 'delhi', 'pune', 100, 25, 1, '2023-12-25'),
(411, 19, 'pune', 'delhi', 100, 25, 1, '2023-12-25'),
(412, 21, 'delhi', 'pune', 100, 25, 1, '2023-12-25'),
(413, 22, 'pune', 'mumbai', 100, 25, 1, '2023-12-25'),
(414, 23, 'mumbai', 'pune', 100, 25, 1, '2023-12-25'),
(415, 24, 'pune', 'mumbai', 100, 25, 1, '2023-12-25'),
(416, 25, 'mumbai', 'pune', 100, 25, 1, '2023-12-25'),
(417, 26, 'pune', 'mumbai', 100, 25, 1, '2023-12-25'),
(418, 27, 'mumbai', 'pune', 100, 25, 1, '2023-12-25'),
(419, 28, 'pune', 'mumbai', 100, 25, 1, '2023-12-25'),
(420, 30, 'mumbai', 'pune', 100, 25, 1, '2023-12-25'),
(421, 31, 'goa', 'delhi', 100, 25, 1, '2023-12-25'),
(422, 32, 'delhi', 'goa', 100, 25, 1, '2023-12-25'),
(423, 33, 'delhi', 'goa', 100, 25, 1, '2023-12-25'),
(424, 34, 'goa', 'delhi', 100, 25, 1, '2023-12-25'),
(425, 35, 'delhi', 'goa', 100, 25, 1, '2023-12-25'),
(426, 36, 'goa', 'delhi', 100, 25, 1, '2023-12-25'),
(427, 37, 'delhi', 'goa', 100, 25, 1, '2023-12-25'),
(428, 38, 'goa', 'delhi', 100, 25, 1, '2023-12-25'),
(429, 39, 'delhi', 'amritsar', 100, 25, 1, '2023-12-25'),
(430, 40, 'amritsar', 'delhi', 100, 25, 1, '2023-12-25'),
(431, 41, 'delhi', 'amritsar', 100, 25, 1, '2023-12-25'),
(432, 42, 'amritsar', 'delhi', 100, 25, 1, '2023-12-25'),
(433, 43, 'delhi', 'amritsar', 100, 25, 1, '2023-12-25'),
(434, 44, 'amritsar', 'delhi', 100, 25, 1, '2023-12-25'),
(435, 45, 'delhi', 'amritsar', 100, 25, 1, '2023-12-25'),
(436, 46, 'amritsar', 'delhi', 100, 25, 1, '2023-12-25'),
(437, 47, 'mumbai', 'amritsar', 100, 25, 1, '2023-12-25'),
(438, 48, 'amritsar', 'mumbai', 100, 25, 1, '2023-12-25'),
(439, 49, 'mumbai', 'amritsar', 100, 25, 1, '2023-12-25'),
(440, 50, 'amritsar', 'mumbai', 100, 25, 1, '2023-12-25'),
(441, 51, 'mumbai', 'amritsar', 100, 25, 1, '2023-12-25'),
(442, 52, 'amritsar', 'mumbai', 100, 25, 1, '2023-12-25'),
(443, 53, 'mumbai', 'amritsar', 100, 25, 1, '2023-12-25'),
(444, 54, 'amritsar', 'mumbai', 100, 25, 1, '2023-12-25'),
(445, 55, 'pune', 'amritsar', 100, 25, 1, '2023-12-25'),
(446, 56, 'amritsar', 'pune', 100, 25, 1, '2023-12-25'),
(447, 57, 'amritsar', 'pune', 100, 25, 1, '2023-12-25'),
(448, 58, 'pune', 'amritsar', 100, 25, 1, '2023-12-25'),
(449, 59, 'pune', 'amritsar', 100, 25, 1, '2023-12-25'),
(450, 60, 'amritsar', 'pune', 100, 25, 1, '2023-12-25'),
(451, 61, 'pune', 'amritsar', 100, 25, 1, '2023-12-25'),
(452, 62, 'amritsar', 'pune', 100, 25, 1, '2023-12-25'),
(453, 63, 'delhi', 'hyderabad', 100, 25, 1, '2023-12-25'),
(454, 65, 'hyderabad', 'delhi', 100, 25, 1, '2023-12-25'),
(455, 66, 'delhi', 'hyderabad', 100, 25, 1, '2023-12-25'),
(456, 67, 'hyderabad', 'delhi', 100, 25, 1, '2023-12-25'),
(457, 68, 'delhi', 'hyderabad', 100, 25, 1, '2023-12-25'),
(458, 69, 'hyderabad', 'delhi', 100, 25, 1, '2023-12-25'),
(459, 70, 'delhi', 'hyderabad', 100, 25, 1, '2023-12-25'),
(460, 71, 'hyderabad', 'delhi', 100, 25, 1, '2023-12-25'),
(461, 72, 'mumbai', 'hyderabad', 100, 25, 1, '2023-12-25'),
(462, 73, 'hyderabad', 'mumbai', 100, 25, 1, '2023-12-25'),
(463, 74, 'mumbai', 'hyderabad', 100, 25, 1, '2023-12-25'),
(464, 75, 'hyderabad', 'mumbai', 100, 25, 1, '2023-12-25'),
(465, 76, 'mumbai', 'hyderabad', 100, 25, 1, '2023-12-25'),
(466, 78, 'hyderabad', 'mumbai', 100, 25, 1, '2023-12-25'),
(467, 79, 'mumbai', 'hyderabad', 100, 25, 1, '2023-12-25'),
(468, 80, 'hyderabad', 'mumbai', 100, 25, 1, '2023-12-25'),
(469, 1, 'delhi', 'mumbai', 100, 25, 1, '2024-01-31'),
(470, 2, 'mumbai', 'delhi', 100, 25, 1, '2024-01-31'),
(471, 3, 'delhi', 'mumbai', 100, 25, 1, '2024-01-31'),
(472, 4, 'mumbai', 'delhi', 100, 25, 1, '2024-01-31'),
(473, 5, 'delhi', 'mumbai', 100, 25, 1, '2024-01-31'),
(474, 6, 'mumbai', 'delhi', 100, 25, 1, '2024-01-31'),
(475, 7, 'delhi', 'mumbai', 100, 25, 1, '2024-01-31'),
(476, 8, 'mumbai', 'delhi', 100, 25, 1, '2024-01-31'),
(477, 9, 'delhi', 'mumbai', 100, 25, 1, '2024-01-31'),
(478, 10, 'delhi', 'pune', 100, 25, 1, '2024-01-31'),
(479, 14, 'pune', 'delhi', 100, 25, 1, '2024-01-31'),
(480, 15, 'pune', 'delhi', 100, 25, 1, '2024-01-31'),
(481, 16, 'delhi', 'pune', 100, 25, 1, '2024-01-31'),
(482, 17, 'pune', 'delhi', 100, 25, 1, '2024-01-31'),
(483, 18, 'delhi', 'pune', 100, 25, 1, '2024-01-31'),
(484, 19, 'pune', 'delhi', 100, 25, 1, '2024-01-31'),
(485, 21, 'delhi', 'pune', 100, 25, 1, '2024-01-31'),
(486, 22, 'pune', 'mumbai', 100, 25, 1, '2024-01-31'),
(487, 23, 'mumbai', 'pune', 100, 25, 1, '2024-01-31'),
(488, 24, 'pune', 'mumbai', 100, 25, 1, '2024-01-31'),
(489, 25, 'mumbai', 'pune', 100, 25, 1, '2024-01-31'),
(490, 26, 'pune', 'mumbai', 100, 25, 1, '2024-01-31'),
(491, 27, 'mumbai', 'pune', 100, 25, 1, '2024-01-31'),
(492, 28, 'pune', 'mumbai', 100, 25, 1, '2024-01-31'),
(493, 30, 'mumbai', 'pune', 100, 25, 1, '2024-01-31'),
(494, 31, 'goa', 'delhi', 100, 25, 1, '2024-01-31'),
(495, 32, 'delhi', 'goa', 100, 25, 1, '2024-01-31'),
(496, 33, 'delhi', 'goa', 100, 25, 1, '2024-01-31'),
(497, 34, 'goa', 'delhi', 100, 25, 1, '2024-01-31'),
(498, 35, 'delhi', 'goa', 100, 25, 1, '2024-01-31'),
(499, 36, 'goa', 'delhi', 100, 25, 1, '2024-01-31'),
(500, 37, 'delhi', 'goa', 100, 25, 1, '2024-01-31'),
(501, 38, 'goa', 'delhi', 100, 25, 1, '2024-01-31'),
(502, 39, 'delhi', 'amritsar', 100, 25, 1, '2024-01-31'),
(503, 40, 'amritsar', 'delhi', 100, 25, 1, '2024-01-31'),
(504, 41, 'delhi', 'amritsar', 100, 25, 1, '2024-01-31'),
(505, 42, 'amritsar', 'delhi', 100, 25, 1, '2024-01-31'),
(506, 43, 'delhi', 'amritsar', 100, 25, 1, '2024-01-31'),
(507, 44, 'amritsar', 'delhi', 100, 25, 1, '2024-01-31'),
(508, 45, 'delhi', 'amritsar', 100, 25, 1, '2024-01-31'),
(509, 46, 'amritsar', 'delhi', 100, 25, 1, '2024-01-31'),
(510, 47, 'mumbai', 'amritsar', 100, 25, 1, '2024-01-31'),
(511, 48, 'amritsar', 'mumbai', 100, 25, 1, '2024-01-31'),
(512, 49, 'mumbai', 'amritsar', 100, 25, 1, '2024-01-31'),
(513, 50, 'amritsar', 'mumbai', 100, 25, 1, '2024-01-31'),
(514, 51, 'mumbai', 'amritsar', 100, 25, 1, '2024-01-31'),
(515, 52, 'amritsar', 'mumbai', 100, 25, 1, '2024-01-31'),
(516, 53, 'mumbai', 'amritsar', 100, 25, 1, '2024-01-31'),
(517, 54, 'amritsar', 'mumbai', 100, 25, 1, '2024-01-31'),
(518, 55, 'pune', 'amritsar', 100, 25, 1, '2024-01-31'),
(519, 56, 'amritsar', 'pune', 100, 25, 1, '2024-01-31'),
(520, 57, 'amritsar', 'pune', 100, 25, 1, '2024-01-31'),
(521, 58, 'pune', 'amritsar', 100, 25, 1, '2024-01-31'),
(522, 59, 'pune', 'amritsar', 100, 25, 1, '2024-01-31'),
(523, 60, 'amritsar', 'pune', 100, 25, 1, '2024-01-31'),
(524, 61, 'pune', 'amritsar', 100, 25, 1, '2024-01-31'),
(525, 62, 'amritsar', 'pune', 100, 25, 1, '2024-01-31'),
(526, 63, 'delhi', 'hyderabad', 100, 25, 1, '2024-01-31'),
(527, 65, 'hyderabad', 'delhi', 100, 25, 1, '2024-01-31'),
(528, 66, 'delhi', 'hyderabad', 100, 25, 1, '2024-01-31'),
(529, 67, 'hyderabad', 'delhi', 100, 25, 1, '2024-01-31'),
(530, 68, 'delhi', 'hyderabad', 100, 25, 1, '2024-01-31'),
(531, 69, 'hyderabad', 'delhi', 100, 25, 1, '2024-01-31'),
(532, 70, 'delhi', 'hyderabad', 100, 25, 1, '2024-01-31'),
(533, 71, 'hyderabad', 'delhi', 100, 25, 1, '2024-01-31'),
(534, 72, 'mumbai', 'hyderabad', 100, 25, 1, '2024-01-31'),
(535, 73, 'hyderabad', 'mumbai', 100, 25, 1, '2024-01-31'),
(536, 74, 'mumbai', 'hyderabad', 100, 25, 1, '2024-01-31'),
(537, 75, 'hyderabad', 'mumbai', 100, 25, 1, '2024-01-31'),
(538, 76, 'mumbai', 'hyderabad', 100, 25, 1, '2024-01-31'),
(539, 78, 'hyderabad', 'mumbai', 100, 25, 1, '2024-01-31'),
(540, 79, 'mumbai', 'hyderabad', 100, 25, 1, '2024-01-31'),
(541, 80, 'hyderabad', 'mumbai', 100, 25, 1, '2024-01-31'),
(542, 1, 'delhi', 'mumbai', 100, 25, 1, '2024-02-01'),
(543, 2, 'mumbai', 'delhi', 100, 25, 1, '2024-02-01'),
(544, 3, 'delhi', 'mumbai', 100, 25, 1, '2024-02-01'),
(545, 4, 'mumbai', 'delhi', 100, 25, 1, '2024-02-01'),
(546, 5, 'delhi', 'mumbai', 100, 25, 1, '2024-02-01'),
(547, 6, 'mumbai', 'delhi', 100, 25, 1, '2024-02-01'),
(548, 7, 'delhi', 'mumbai', 100, 25, 1, '2024-02-01'),
(549, 8, 'mumbai', 'delhi', 100, 25, 1, '2024-02-01'),
(550, 9, 'delhi', 'mumbai', 100, 25, 1, '2024-02-01'),
(551, 10, 'delhi', 'pune', 100, 25, 1, '2024-02-01'),
(552, 14, 'pune', 'delhi', 100, 25, 1, '2024-02-01'),
(553, 15, 'pune', 'delhi', 100, 25, 1, '2024-02-01'),
(554, 16, 'delhi', 'pune', 100, 25, 1, '2024-02-01'),
(555, 17, 'pune', 'delhi', 100, 25, 1, '2024-02-01'),
(556, 18, 'delhi', 'pune', 100, 25, 1, '2024-02-01'),
(557, 19, 'pune', 'delhi', 100, 25, 1, '2024-02-01'),
(558, 21, 'delhi', 'pune', 100, 25, 1, '2024-02-01'),
(559, 22, 'pune', 'mumbai', 100, 25, 1, '2024-02-01'),
(560, 23, 'mumbai', 'pune', 100, 25, 1, '2024-02-01'),
(561, 24, 'pune', 'mumbai', 100, 25, 1, '2024-02-01'),
(562, 25, 'mumbai', 'pune', 100, 25, 1, '2024-02-01'),
(563, 26, 'pune', 'mumbai', 100, 25, 1, '2024-02-01'),
(564, 27, 'mumbai', 'pune', 100, 25, 1, '2024-02-01'),
(565, 28, 'pune', 'mumbai', 100, 25, 1, '2024-02-01'),
(566, 30, 'mumbai', 'pune', 100, 25, 1, '2024-02-01'),
(567, 31, 'goa', 'delhi', 100, 25, 1, '2024-02-01'),
(568, 32, 'delhi', 'goa', 100, 25, 1, '2024-02-01'),
(569, 33, 'delhi', 'goa', 100, 25, 1, '2024-02-01'),
(570, 34, 'goa', 'delhi', 100, 25, 1, '2024-02-01'),
(571, 35, 'delhi', 'goa', 100, 25, 1, '2024-02-01'),
(572, 36, 'goa', 'delhi', 100, 25, 1, '2024-02-01'),
(573, 37, 'delhi', 'goa', 100, 25, 1, '2024-02-01'),
(574, 38, 'goa', 'delhi', 100, 25, 1, '2024-02-01'),
(575, 39, 'delhi', 'amritsar', 100, 25, 1, '2024-02-01'),
(576, 40, 'amritsar', 'delhi', 100, 25, 1, '2024-02-01'),
(577, 41, 'delhi', 'amritsar', 100, 25, 1, '2024-02-01'),
(578, 42, 'amritsar', 'delhi', 100, 25, 1, '2024-02-01'),
(579, 43, 'delhi', 'amritsar', 100, 25, 1, '2024-02-01'),
(580, 44, 'amritsar', 'delhi', 100, 25, 1, '2024-02-01'),
(581, 45, 'delhi', 'amritsar', 100, 25, 1, '2024-02-01'),
(582, 46, 'amritsar', 'delhi', 100, 25, 1, '2024-02-01'),
(583, 47, 'mumbai', 'amritsar', 100, 25, 1, '2024-02-01'),
(584, 48, 'amritsar', 'mumbai', 100, 25, 1, '2024-02-01'),
(585, 49, 'mumbai', 'amritsar', 100, 25, 1, '2024-02-01'),
(586, 50, 'amritsar', 'mumbai', 100, 25, 1, '2024-02-01'),
(587, 51, 'mumbai', 'amritsar', 100, 25, 1, '2024-02-01'),
(588, 52, 'amritsar', 'mumbai', 100, 25, 1, '2024-02-01'),
(589, 53, 'mumbai', 'amritsar', 100, 25, 1, '2024-02-01'),
(590, 54, 'amritsar', 'mumbai', 100, 25, 1, '2024-02-01'),
(591, 55, 'pune', 'amritsar', 100, 25, 1, '2024-02-01'),
(592, 56, 'amritsar', 'pune', 100, 25, 1, '2024-02-01'),
(593, 57, 'amritsar', 'pune', 100, 25, 1, '2024-02-01'),
(594, 58, 'pune', 'amritsar', 100, 25, 1, '2024-02-01'),
(595, 59, 'pune', 'amritsar', 100, 25, 1, '2024-02-01'),
(596, 60, 'amritsar', 'pune', 100, 25, 1, '2024-02-01'),
(597, 61, 'pune', 'amritsar', 100, 25, 1, '2024-02-01'),
(598, 62, 'amritsar', 'pune', 100, 25, 1, '2024-02-01'),
(599, 63, 'delhi', 'hyderabad', 100, 25, 1, '2024-02-01'),
(600, 65, 'hyderabad', 'delhi', 100, 25, 1, '2024-02-01'),
(601, 66, 'delhi', 'hyderabad', 100, 25, 1, '2024-02-01'),
(602, 67, 'hyderabad', 'delhi', 100, 25, 1, '2024-02-01'),
(603, 68, 'delhi', 'hyderabad', 100, 25, 1, '2024-02-01'),
(604, 69, 'hyderabad', 'delhi', 100, 25, 1, '2024-02-01'),
(605, 70, 'delhi', 'hyderabad', 100, 25, 1, '2024-02-01'),
(606, 71, 'hyderabad', 'delhi', 100, 25, 1, '2024-02-01'),
(607, 72, 'mumbai', 'hyderabad', 100, 25, 1, '2024-02-01'),
(608, 73, 'hyderabad', 'mumbai', 100, 25, 1, '2024-02-01'),
(609, 74, 'mumbai', 'hyderabad', 100, 25, 1, '2024-02-01'),
(610, 75, 'hyderabad', 'mumbai', 100, 25, 1, '2024-02-01'),
(611, 76, 'mumbai', 'hyderabad', 100, 25, 1, '2024-02-01'),
(612, 78, 'hyderabad', 'mumbai', 100, 25, 1, '2024-02-01'),
(613, 79, 'mumbai', 'hyderabad', 100, 25, 1, '2024-02-01'),
(615, 1, 'delhi', 'mumbai', 100, 25, 1, '2024-02-02'),
(616, 2, 'mumbai', 'delhi', 100, 25, 1, '2024-02-02'),
(617, 3, 'delhi', 'mumbai', 100, 25, 1, '2024-02-02'),
(618, 4, 'mumbai', 'delhi', 100, 25, 1, '2024-02-02'),
(619, 5, 'delhi', 'mumbai', 100, 25, 1, '2024-02-02'),
(620, 6, 'mumbai', 'delhi', 100, 25, 1, '2024-02-02'),
(621, 7, 'delhi', 'mumbai', 100, 25, 1, '2024-02-02'),
(622, 8, 'mumbai', 'delhi', 100, 25, 1, '2024-02-02'),
(623, 9, 'delhi', 'mumbai', 100, 25, 1, '2024-02-02'),
(624, 10, 'delhi', 'pune', 100, 25, 1, '2024-02-02'),
(625, 14, 'pune', 'delhi', 100, 25, 1, '2024-02-02'),
(626, 15, 'pune', 'delhi', 100, 25, 1, '2024-02-02'),
(627, 16, 'delhi', 'pune', 100, 25, 1, '2024-02-02'),
(628, 17, 'pune', 'delhi', 100, 25, 1, '2024-02-02'),
(629, 18, 'delhi', 'pune', 100, 25, 1, '2024-02-02'),
(630, 19, 'pune', 'delhi', 100, 25, 1, '2024-02-02'),
(631, 21, 'delhi', 'pune', 100, 25, 1, '2024-02-02'),
(632, 22, 'pune', 'mumbai', 100, 25, 1, '2024-02-02'),
(633, 23, 'mumbai', 'pune', 100, 25, 1, '2024-02-02'),
(634, 24, 'pune', 'mumbai', 100, 25, 1, '2024-02-02'),
(635, 25, 'mumbai', 'pune', 100, 25, 1, '2024-02-02'),
(636, 26, 'pune', 'mumbai', 100, 25, 1, '2024-02-02'),
(637, 27, 'mumbai', 'pune', 100, 25, 1, '2024-02-02'),
(638, 28, 'pune', 'mumbai', 100, 25, 1, '2024-02-02'),
(639, 30, 'mumbai', 'pune', 100, 25, 1, '2024-02-02'),
(640, 31, 'goa', 'delhi', 100, 25, 1, '2024-02-02'),
(641, 32, 'delhi', 'goa', 100, 25, 1, '2024-02-02'),
(642, 33, 'delhi', 'goa', 100, 25, 1, '2024-02-02'),
(643, 34, 'goa', 'delhi', 100, 25, 1, '2024-02-02'),
(644, 35, 'delhi', 'goa', 100, 25, 1, '2024-02-02'),
(645, 36, 'goa', 'delhi', 100, 25, 1, '2024-02-02'),
(646, 37, 'delhi', 'goa', 100, 25, 1, '2024-02-02'),
(647, 38, 'goa', 'delhi', 100, 25, 1, '2024-02-02'),
(648, 39, 'delhi', 'amritsar', 100, 25, 1, '2024-02-02'),
(649, 40, 'amritsar', 'delhi', 100, 25, 1, '2024-02-02'),
(650, 41, 'delhi', 'amritsar', 100, 25, 1, '2024-02-02'),
(651, 42, 'amritsar', 'delhi', 100, 25, 1, '2024-02-02'),
(652, 43, 'delhi', 'amritsar', 100, 25, 1, '2024-02-02'),
(653, 44, 'amritsar', 'delhi', 100, 25, 1, '2024-02-02'),
(654, 45, 'delhi', 'amritsar', 100, 25, 1, '2024-02-02'),
(655, 46, 'amritsar', 'delhi', 100, 25, 1, '2024-02-02'),
(656, 47, 'mumbai', 'amritsar', 100, 25, 1, '2024-02-02'),
(657, 48, 'amritsar', 'mumbai', 100, 25, 1, '2024-02-02'),
(658, 49, 'mumbai', 'amritsar', 100, 25, 1, '2024-02-02'),
(659, 50, 'amritsar', 'mumbai', 100, 25, 1, '2024-02-02'),
(660, 51, 'mumbai', 'amritsar', 100, 25, 1, '2024-02-02'),
(661, 52, 'amritsar', 'mumbai', 100, 25, 1, '2024-02-02'),
(662, 53, 'mumbai', 'amritsar', 100, 25, 1, '2024-02-02'),
(663, 54, 'amritsar', 'mumbai', 100, 25, 1, '2024-02-02'),
(664, 55, 'pune', 'amritsar', 100, 25, 1, '2024-02-02'),
(665, 56, 'amritsar', 'pune', 100, 25, 1, '2024-02-02'),
(666, 57, 'amritsar', 'pune', 100, 25, 1, '2024-02-02'),
(667, 58, 'pune', 'amritsar', 100, 25, 1, '2024-02-02'),
(668, 59, 'pune', 'amritsar', 100, 25, 1, '2024-02-02'),
(669, 60, 'amritsar', 'pune', 100, 25, 1, '2024-02-02'),
(670, 61, 'pune', 'amritsar', 100, 25, 1, '2024-02-02'),
(671, 62, 'amritsar', 'pune', 100, 25, 1, '2024-02-02'),
(672, 63, 'delhi', 'hyderabad', 100, 25, 1, '2024-02-02'),
(673, 65, 'hyderabad', 'delhi', 100, 25, 1, '2024-02-02'),
(674, 66, 'delhi', 'hyderabad', 100, 25, 1, '2024-02-02'),
(675, 67, 'hyderabad', 'delhi', 100, 25, 1, '2024-02-02'),
(676, 68, 'delhi', 'hyderabad', 100, 25, 1, '2024-02-02'),
(677, 69, 'hyderabad', 'delhi', 100, 25, 1, '2024-02-02'),
(678, 70, 'delhi', 'hyderabad', 100, 25, 1, '2024-02-02'),
(679, 71, 'hyderabad', 'delhi', 100, 25, 1, '2024-02-02'),
(680, 72, 'mumbai', 'hyderabad', 100, 25, 1, '2024-02-02'),
(681, 73, 'hyderabad', 'mumbai', 100, 25, 1, '2024-02-02'),
(682, 74, 'mumbai', 'hyderabad', 100, 25, 1, '2024-02-02'),
(683, 75, 'hyderabad', 'mumbai', 100, 25, 1, '2024-02-02'),
(684, 76, 'mumbai', 'hyderabad', 100, 25, 1, '2024-02-02'),
(685, 78, 'hyderabad', 'mumbai', 100, 25, 1, '2024-02-02'),
(686, 79, 'mumbai', 'hyderabad', 100, 25, 1, '2024-02-02');

-- --------------------------------------------------------

--
-- Table structure for table `settings`
--

CREATE TABLE `settings` (
  `id` int(11) NOT NULL,
  `website_name` varchar(50) NOT NULL,
  `website_title` varchar(50) NOT NULL,
  `support_number` varchar(40) NOT NULL,
  `support_email` varchar(50) NOT NULL,
  `economy_seat` int(11) NOT NULL,
  `business_seat` int(11) NOT NULL
) ENGINE=InnoDB DEFAULT CHARSET=utf8mb4;

--
-- Dumping data for table `settings`
--

INSERT INTO `settings` (`id`, `website_name`, `website_title`, `support_number`, `support_email`, `economy_seat`, `business_seat`) VALUES
(1, 'aeroscape', 'destination for your departure', '912086465729', 'support@aeroscape.com', 100, 25);

-- --------------------------------------------------------

--
-- Table structure for table `tickets`
--

CREATE TABLE `tickets` (
  `ticket_id` int(11) NOT NULL,
  `user_id` int(11) NOT NULL,
  `flight_id` int(11) NOT NULL,
  `schedule_id` int(11) NOT NULL,
  `date_of_travel` date NOT NULL,
  `user_name` varchar(40) NOT NULL,
  `class` varchar(40) NOT NULL,
  `ticket_price` int(11) NOT NULL,
  `seat_number` varchar(40) NOT NULL,
  `payment_method` varchar(40) NOT NULL,
  `status` tinyint(4) NOT NULL DEFAULT 1 COMMENT '0=not-booked,1=booked',
  `created_at` datetime NOT NULL DEFAULT current_timestamp()
) ENGINE=InnoDB DEFAULT CHARSET=utf8mb4;

--
-- Dumping data for table `tickets`
--

INSERT INTO `tickets` (`ticket_id`, `user_id`, `flight_id`, `schedule_id`, `date_of_travel`, `user_name`, `class`, `ticket_price`, `seat_number`, `payment_method`, `status`, `created_at`) VALUES
(1, 2, 9, 13, '2023-11-19', 'mike don', 'business', 7280, '12B', 'cash', 1, '2023-11-19 14:31:29'),
(2, 2, 1, 20, '2023-11-21', 'mike don', 'economy', 5960, '6E', 'cash', 1, '2023-11-20 20:41:44'),
(3, 3, 1, 20, '2023-11-21', 'Ayesha Kakkar', 'economy', 5960, '3E', 'cash', 1, '2023-11-20 20:44:27'),
(4, 4, 10, 21, '2023-11-21', 'Aurther Morgan', 'economy', 4998, '14E', 'cash', 1, '2023-11-21 07:49:05'),
(5, 10, 3, 32, '2023-11-27', 'Om Saxena', 'economy', 5670, '4E', 'cash', 1, '2023-11-26 11:33:42'),
(6, 4, 9, 92, '2023-12-09', 'Aurther Morgan', 'bussiness', 5780, '25B', 'cash', 1, '2023-12-09 03:06:14'),
(7, 1, 9, 92, '2023-12-09', 'user hu', 'bussiness', 5780, '11B', 'cash', 1, '2023-12-09 03:13:24');

-- --------------------------------------------------------

--
-- Table structure for table `users`
--

CREATE TABLE `users` (
  `user_id` int(11) NOT NULL,
  `first_name` varchar(50) NOT NULL,
  `last_name` varchar(50) NOT NULL,
  `age` int(11) NOT NULL,
  `gender` varchar(50) NOT NULL,
  `email` varchar(100) NOT NULL,
  `phone` varchar(60) NOT NULL,
  `address` text NOT NULL,
  `state` varchar(50) NOT NULL,
  `pincode` varchar(50) NOT NULL,
  `dob` date NOT NULL,
  `password` varchar(100) NOT NULL,
  `status` tinyint(4) NOT NULL DEFAULT 1 COMMENT '0=not_active,1=active',
  `created_at` datetime NOT NULL DEFAULT current_timestamp()
) ENGINE=InnoDB DEFAULT CHARSET=utf8mb4;

--
-- Dumping data for table `users`
--

INSERT INTO `users` (`user_id`, `first_name`, `last_name`, `age`, `gender`, `email`, `phone`, `address`, `state`, `pincode`, `dob`, `password`, `status`, `created_at`) VALUES
(1, 'user', 'hu', 22, 'male', 'user@gmail.com', '9876554321', '', 'uttar pradesh', '282004', '2000-01-01', '$2y$10$ny1R8oNfOa/7BSiHVg2n7uzvqndDP0VCNQzphWzJ.DEenE7yprwv.', 1, '2023-11-03 22:25:33'),
(2, 'mike', 'don', 24, 'male', 'mike@gmail.com', '9078654321', '', 'uttar pradesh', '282006', '1998-12-15', '$2y$10$ZKCW8Ez4zWJWVAsxp59rSetCnEk.rzWEJAZLp0osqo.xJGyIu1WPm', 1, '2023-11-17 18:52:15'),
(3, 'Ayesha', 'Kakkar', 19, 'female', 'ayeshaak030@gmail.com', '8679954403', '', 'uttar pradesh', '282006', '2004-01-30', '$2y$10$jHBoD9Uox8htjXwaFdPuC.fnBoG.8WnfYkvMo3ftaR49R76C6gQia', 1, '2023-11-17 19:27:26'),
(4, 'Aurther', 'Morgan', 30, 'male', 'aurthermorgon@gmail.com', '9017654321', '', 'uttar pradesh', '292004', '1992-12-15', '$2y$10$KclRvyxSZPwZNvup3nHzVON8GTtf13LRz9/rCFO2SZf0VCAykSYXq', 1, '2023-11-21 06:18:21'),
(10, 'Om', 'Saxena', 21, '', 'osaxena58@gmail.com', '9997782642', '38/40/23 New gopal pura', 'UTTAR PRADESH', '282001', '2002-12-01', '$2y$10$BnxmJqunwjfKA3bzgqoz1.Ka8HMbv5TqxLWMKnJuOnBECSzolQexe', 1, '2023-11-26 11:23:20');

--
-- Indexes for dumped tables
--

--
-- Indexes for table `admin`
--
ALTER TABLE `admin`
  ADD PRIMARY KEY (`admin_id`);

--
-- Indexes for table `airlines`
--
ALTER TABLE `airlines`
  ADD PRIMARY KEY (`airline_id`);

--
-- Indexes for table `citys`
--
ALTER TABLE `citys`
  ADD PRIMARY KEY (`city_id`);

--
-- Indexes for table `enquires`
--
ALTER TABLE `enquires`
  ADD PRIMARY KEY (`id`);

--
-- Indexes for table `flights`
--
ALTER TABLE `flights`
  ADD PRIMARY KEY (`flight_id`);

--
-- Indexes for table `flights_schedule`
--
ALTER TABLE `flights_schedule`
  ADD PRIMARY KEY (`schedule_id`);

--
-- Indexes for table `settings`
--
ALTER TABLE `settings`
  ADD PRIMARY KEY (`id`);

--
-- Indexes for table `tickets`
--
ALTER TABLE `tickets`
  ADD PRIMARY KEY (`ticket_id`);

--
-- Indexes for table `users`
--
ALTER TABLE `users`
  ADD PRIMARY KEY (`user_id`);

--
-- AUTO_INCREMENT for dumped tables
--

--
-- AUTO_INCREMENT for table `admin`
--
ALTER TABLE `admin`
  MODIFY `admin_id` int(11) NOT NULL AUTO_INCREMENT, AUTO_INCREMENT=2;

--
-- AUTO_INCREMENT for table `airlines`
--
ALTER TABLE `airlines`
  MODIFY `airline_id` int(11) NOT NULL AUTO_INCREMENT, AUTO_INCREMENT=8;

--
-- AUTO_INCREMENT for table `citys`
--
ALTER TABLE `citys`
  MODIFY `city_id` int(11) NOT NULL AUTO_INCREMENT, AUTO_INCREMENT=10;

--
-- AUTO_INCREMENT for table `enquires`
--
ALTER TABLE `enquires`
  MODIFY `id` int(11) NOT NULL AUTO_INCREMENT, AUTO_INCREMENT=5;

--
-- AUTO_INCREMENT for table `flights`
--
ALTER TABLE `flights`
  MODIFY `flight_id` int(11) NOT NULL AUTO_INCREMENT, AUTO_INCREMENT=81;

--
-- AUTO_INCREMENT for table `flights_schedule`
--
ALTER TABLE `flights_schedule`
  MODIFY `schedule_id` int(11) NOT NULL AUTO_INCREMENT, AUTO_INCREMENT=687;

--
-- AUTO_INCREMENT for table `settings`
--
ALTER TABLE `settings`
  MODIFY `id` int(11) NOT NULL AUTO_INCREMENT, AUTO_INCREMENT=2;

--
-- AUTO_INCREMENT for table `tickets`
--
ALTER TABLE `tickets`
  MODIFY `ticket_id` int(11) NOT NULL AUTO_INCREMENT, AUTO_INCREMENT=8;

--
-- AUTO_INCREMENT for table `users`
--
ALTER TABLE `users`
  MODIFY `user_id` int(11) NOT NULL AUTO_INCREMENT, AUTO_INCREMENT=12;
COMMIT;

/*!40101 SET CHARACTER_SET_CLIENT=@OLD_CHARACTER_SET_CLIENT */;
/*!40101 SET CHARACTER_SET_RESULTS=@OLD_CHARACTER_SET_RESULTS */;
/*!40101 SET COLLATION_CONNECTION=@OLD_COLLATION_CONNECTION */;
